,genre,name,pitch - 0,pitch - 1,pitch - 2,pitch - 3,pitch - 4,pitch - 5,pitch - 6,pitch - 7,pitch - 8,pitch - 9,pitch - 10,pitch - 11,pitch - 12,pitch - 13,pitch - 14,pitch - 15,pitch - 16,pitch - 17,pitch - 18,pitch - 19,pitch - 20,pitch - 21,pitch - 22,pitch - 23,pitch - 24,pitch - 25,pitch - 26,pitch - 27,pitch - 28,pitch - 29,pitch - 30,pitch - 31,pitch - 32,pitch - 33,pitch - 34,pitch - 35,pitch - 36,pitch - 37,pitch - 38,pitch - 39,pitch - 40,pitch - 41,pitch - 42,pitch - 43,pitch - 44,pitch - 45,pitch - 46,pitch - 47,pitch - 48,pitch - 49,pitch - 50,volume - 0,volume - 1,volume - 2,volume - 3,volume - 4,volume - 5,volume - 6,volume - 7,volume - 8,volume - 9,volume - 10,volume - 11,volume - 12,volume - 13,volume - 14,volume - 15,volume - 16,volume - 17,volume - 18,volume - 19,volume - 20,volume - 21,volume - 22,volume - 23,volume - 24,volume - 25,volume - 26,volume - 27,volume - 28,volume - 29,volume - 30,volume - 31,volume - 32,volume - 33,volume - 34,volume - 35,volume - 36,volume - 37,volume - 38,volume - 39,volume - 40,volume - 41,volume - 42,volume - 43,volume - 44,volume - 45,volume - 46,volume - 47,volume - 48,volume - 49,volume - 50
0,gaming,Dungeons and Daddies - S1E01 - A Man and His Handshake.mp3,0.0,2155.892822265625,372.0957946777344,648.50244140625,997.0075073242188,295.6029052734375,547.9173583984375,1075.5257568359375,1547.353759765625,460.8808898925781,1004.6162719726562,1114.3453369140625,1340.4600830078125,1370.4285888671875,1620.010986328125,1605.6566162109375,3700.83447265625,1604.8504638671875,1590.736083984375,1596.205078125,1844.0018310546875,336.2508850097656,312.67120361328125,390.19183349609375,2062.12353515625,752.3033447265625,1421.0174560546875,1773.559326171875,1019.03515625,774.2970581054688,589.4788208007812,2350.09033203125,507.6258239746094,1278.5555419921875,1606.0806884765625,317.1743469238281,2079.5185546875,690.8067016601562,1192.1787109375,1775.799072265625,344.8529052734375,1011.7708129882812,1616.7825927734375,1167.193359375,808.6799926757812,388.50091552734375,1387.2022705078125,816.9864501953125,1403.0804443359375,2502.227294921875,0.0,0.0,0.2837744355201721,0.35738563537597656,0.2361028641462326,0.2193925678730011,0.27604207396507263,0.32626935839653015,0.2398524135351181,0.1573459953069687,0.3798946440219879,0.37916460633277893,0.29445379972457886,0.2776561379432678,0.33786100149154663,0.2672855257987976,0.23011353611946106,0.1655738204717636,0.36383959650993347,0.31152141094207764,0.3462282121181488,0.21979621052742004,0.3614751994609833,0.29174286127090454,0.25716617703437805,0.33275890350341797,0.22267328202724457,0.31668582558631897,0.06449414044618607,0.3797319531440735,0.0921405702829361,0.3075253665447235,0.26239636540412903,0.22494681179523468,0.40315359830856323,0.2808091342449188,0.15643037855625153,0.20516857504844666,0.03682027384638786,0.3868577480316162,0.34723955392837524,0.231330007314682,0.41589799523353577,0.05274084210395813,0.41687431931495667,0.23745925724506378,0.33053484559059143,0.32994556427001953,0.3166646361351013,0.34146764874458313,0.2705477476119995,0.0
1,gaming,"The Draw of Destiny ｜ Critical Role ｜ Campaign 3, Episode 1.mp3",0.0,733.0584716796875,1121.121337890625,375.72369384765625,1624.7349853515625,1059.5882568359375,703.8665771484375,1631.1322021484375,355.9618835449219,701.0895385742188,405.66986083984375,455.93719482421875,666.5558471679688,1857.88720703125,643.5791625976562,671.7078857421875,705.8408203125,1210.7037353515625,803.3441162109375,1605.31689453125,676.8233032226562,919.2587890625,1948.4278564453125,1400.718017578125,1184.9267578125,1752.170166015625,263.4401550292969,1149.41650390625,954.9984130859375,1037.0799560546875,721.3505859375,341.708740234375,1270.0560302734375,786.8928833007812,448.35394287109375,568.3001708984375,941.2333984375,655.9526977539062,2145.262939453125,1369.8475341796875,1549.4129638671875,2114.477294921875,1035.6390380859375,1175.7698974609375,790.6703491210938,1645.039794921875,1703.9581298828125,1507.2835693359375,2305.48046875,963.2694091796875,0.0,0.0,0.32744690775871277,0.24746790528297424,0.22167330980300903,0.10124462842941284,0.07231555879116058,0.24484394490718842,0.3063991665840149,0.13657352328300476,0.11195935308933258,0.14432764053344727,0.1924922615289688,0.0730125904083252,0.06059876084327698,0.07847863435745239,0.0768289566040039,0.21921245753765106,0.08481097221374512,0.14328652620315552,0.21784332394599915,0.08124548941850662,0.36297088861465454,0.32458576560020447,0.12409329414367676,0.10357604920864105,0.13874992728233337,0.09857410937547684,0.08325377106666565,0.09885214269161224,0.2552439272403717,0.1882583498954773,0.2034692019224167,0.25223827362060547,0.2829267680644989,0.07102086395025253,0.1946394145488739,0.10517147928476334,0.07710547745227814,0.1897762268781662,0.21192654967308044,0.24525350332260132,0.157124862074852,0.3431447744369507,0.16897746920585632,0.20674288272857666,0.14439544081687927,0.23596732318401337,0.22058463096618652,0.087795190513134,0.1093602180480957,0.0
2,gaming,The Beginning Begins (Ep. 1) ｜ Fantasy High.mp3,1860.350830078125,1384.0179443359375,1671.798095703125,692.5393676757812,2242.197021484375,650.530517578125,1176.3331298828125,292.4577331542969,385.4919128417969,793.0236206054688,1146.260009765625,1850.948974609375,828.7553100585938,502.240478515625,1987.7864990234375,232.05810546875,558.3722534179688,636.7618408203125,205.8091583251953,2156.462646484375,483.1923828125,410.181640625,604.9240112304688,2809.90625,819.56201171875,188.2921905517578,567.4837646484375,2932.3017578125,2342.45166015625,1271.7403564453125,1215.722900390625,1035.7076416015625,1837.6484375,1101.19140625,271.52313232421875,330.38677978515625,1611.2462158203125,1394.2095947265625,1281.7513427734375,1596.0135498046875,431.35845947265625,906.7039794921875,1119.105712890625,1115.0250244140625,565.9236450195312,2273.81591796875,2468.97021484375,417.9123840332031,2197.849365234375,273.87518310546875,968.5763549804688,0.15601037442684174,0.1757640242576599,0.2582578957080841,0.16400595009326935,0.23257049918174744,0.24732014536857605,0.2691807746887207,0.1864091157913208,0.23924002051353455,0.322075754404068,0.17017175257205963,0.04341951757669449,0.3567359447479248,0.2338089495897293,0.36771777272224426,0.05895483121275902,0.3507438898086548,0.09805289655923843,0.1258353441953659,0.07263559848070145,0.22628474235534668,0.13645747303962708,0.15383705496788025,0.19193314015865326,0.21061578392982483,0.037465691566467285,0.05904080346226692,0.1639796793460846,0.41040509939193726,0.07661354541778564,0.14332108199596405,0.04478015378117561,0.15554505586624146,0.25127696990966797,0.14373274147510529,0.035151589661836624,0.2567552328109741,0.18572065234184265,0.10205963999032974,0.25084757804870605,0.03207758069038391,0.2223270684480667,0.15952068567276,0.18283133208751678,0.049119070172309875,0.22067078948020935,0.09002366662025452,0.06597601622343063,0.05601567402482033,0.08802489936351776,0.13463374972343445
3,gaming,Comedy - Ep.1： Here There Be Gerblins - Chapter One.mp3,2251.61669921875,2023.7987060546875,1576.0445556640625,1047.7633056640625,357.09637451171875,635.480712890625,492.91693115234375,1907.1239013671875,650.0103149414062,675.10009765625,378.7038879394531,351.5148620605469,384.0909729003906,2349.183837890625,284.9264831542969,1702.31103515625,1748.931396484375,2164.512939453125,2245.69091796875,528.0637817382812,1556.9268798828125,1676.5513916015625,665.3519897460938,1571.9990234375,1673.9276123046875,1697.276611328125,1077.0772705078125,2032.5701904296875,699.5614013671875,1632.4715576171875,1573.8836669921875,1505.4393310546875,1799.0108642578125,1117.4998779296875,2640.266357421875,327.65264892578125,2104.66357421875,589.0068359375,2045.647216796875,466.73828125,347.20867919921875,785.3858642578125,2869.9130859375,780.8651733398438,1111.860107421875,2600.029052734375,771.95068359375,995.5363159179688,2072.215576171875,1871.851806640625,0.0,6.315259426514785e-11,0.15369366109371185,0.43870359659194946,0.2841971218585968,0.1421748548746109,0.3905198276042938,0.170793816447258,0.27233290672302246,0.3222102224826813,0.06167500838637352,0.31889650225639343,0.24510225653648376,0.20533457398414612,0.25499770045280457,0.18742585182189941,0.2696494460105896,0.27803781628608704,0.2941671907901764,0.21007360517978668,0.10011740773916245,0.3681507706642151,0.08180680871009827,0.34251782298088074,0.41855189204216003,0.3471165895462036,0.09147115051746368,0.30385372042655945,0.09589380770921707,0.08606672286987305,0.3462477922439575,0.1672694981098175,0.08219815790653229,0.32279273867607117,0.3826359212398529,0.23671545088291168,0.16413433849811554,0.22154606878757477,0.3886594772338867,0.27358368039131165,0.08717379719018936,0.26160696148872375,0.05146648734807968,0.26221293210983276,0.19313658773899078,0.3528149425983429,0.19381284713745117,0.05689335614442825,0.2654989957809448,0.12488865107297897,0.29796549677848816,0.0
4,gaming,Not Another D&D Podcast： Episode 1 - Green Teens Gone (The Moonstone Saga).mp3,0.0,947.0676879882812,2219.8046875,1144.712890625,1244.2291259765625,1581.8984375,989.4735717773438,1651.6917724609375,826.74169921875,1099.3629150390625,833.5250854492188,1254.567626953125,542.2916870117188,286.1105041503906,490.72174072265625,502.80413818359375,2634.39599609375,1306.0015869140625,795.2647094726562,1270.289794921875,1941.5595703125,772.2067260742188,344.7919006347656,972.8653564453125,1665.5330810546875,2105.5126953125,493.66485595703125,1617.27734375,1182.933837890625,775.0892944335938,195.48667907714844,1874.48681640625,1169.45263671875,951.630859375,709.4208984375,298.7773742675781,1218.681640625,1497.857666015625,399.6094970703125,715.2142333984375,307.4382019042969,314.7869567871094,1221.444091796875,861.9794921875,868.1177978515625,1271.93359375,1364.223388671875,376.9349365234375,1305.403076171875,852.9352416992188,0.0,0.0,0.12068110704421997,0.34889650344848633,0.16315239667892456,0.28207793831825256,0.40510278940200806,0.4018302857875824,0.11714252084493637,0.16851972043514252,0.2307155579328537,0.35378098487854004,0.31835755705833435,0.34313204884529114,0.257353276014328,0.34673812985420227,0.299263060092926,0.22048968076705933,0.057062115520238876,0.28458699584007263,0.19965682923793793,0.30751222372055054,0.3683447539806366,0.18825867772102356,0.24974969029426575,0.25256016850471497,0.06399577111005783,0.2928188443183899,0.3559333086013794,0.16041769087314606,0.29864856600761414,0.104593425989151,0.3758378326892853,0.3908495604991913,0.38877925276756287,0.14761288464069366,0.21581576764583588,0.3814971148967743,0.48365655541419983,0.09644796699285507,0.26910969614982605,0.12632423639297485,0.23021245002746582,0.20103102922439575,0.28219425678253174,0.26856285333633423,0.3227643370628357,0.2607239782810211,0.3957713544368744,0.20530590415000916,0.3637496531009674,0.00021165848011150956
5,true_crime,The Gitchie Manitou MURDERS： America's MOST HAUNTED Crime Scene ｜ Full Podcast ｜ MURDER IN AMERICA.mp3,2158.095947265625,294.77154541015625,2340.32373046875,309.976318359375,492.0755615234375,790.901611328125,346.26019287109375,330.822998046875,399.5186462402344,290.11572265625,470.42047119140625,716.2717895507812,305.8851013183594,235.2564697265625,358.4832763671875,259.8403015136719,2075.2763671875,278.7110900878906,388.7582702636719,499.83087158203125,839.7998657226562,391.1784362792969,488.1700134277344,166.4996337890625,1449.3956298828125,656.9389038085938,784.0388793945312,684.9168701171875,564.7388305664062,735.4718017578125,1468.0230712890625,278.3764343261719,0.0,418.0763244628906,1264.7178955078125,1071.2958984375,204.56936645507812,1125.8951416015625,540.6677856445312,287.0130920410156,1048.312255859375,788.1090087890625,321.1481018066406,536.2537231445312,237.351318359375,248.5864715576172,479.8858947753906,261.71337890625,348.32122802734375,322.8804016113281,586.34716796875,3.684228317979432e-07,0.1617242395877838,0.2085181325674057,0.24526390433311462,0.2554776966571808,0.3431696891784668,0.295549213886261,0.21920612454414368,0.4037345349788666,0.1453387588262558,0.36299461126327515,0.20054104924201965,0.2027461677789688,0.2764240503311157,0.3923227787017822,0.3635488450527191,0.06423927843570709,0.42645910382270813,0.31496644020080566,0.176093190908432,0.3482295870780945,0.14498892426490784,0.2689708471298218,0.14538878202438354,0.3662714660167694,0.3704968988895416,0.11938571184873581,0.10944158583879471,0.22645267844200134,0.3049217164516449,0.36288878321647644,0.2638624310493469,0.18798838555812836,0.33641451597213745,0.28219443559646606,0.41262826323509216,0.22765542566776276,0.3882584571838379,0.43490147590637207,0.147055521607399,0.20987509191036224,0.3396444618701935,0.15548740327358246,0.1786113679409027,0.21129924058914185,0.2515455484390259,0.2255735695362091,0.17316533625125885,0.17814597487449646,0.24244272708892822,0.01876087300479412
6,true_crime,MrBallen Podcast ｜ Episode ＂4 Incredibly Strange Disappearances ＂ (PODCAST EPISODE).mp3,1123.095703125,309.8154296875,624.6482543945312,281.5815124511719,334.8806457519531,1162.79541015625,1268.137451171875,755.5146484375,334.96875,1851.923583984375,271.19451904296875,775.2466430664062,469.0601501464844,615.4210815429688,495.24639892578125,1241.067626953125,633.6243896484375,1061.601806640625,705.0139770507812,455.771484375,664.4200439453125,721.160400390625,675.296875,654.6799926757812,397.5999450683594,642.1688842773438,718.952392578125,296.5379943847656,545.8689575195312,386.0088806152344,1320.4063720703125,801.994140625,691.535888671875,624.4251098632812,1093.113525390625,1364.9739990234375,320.5901794433594,744.2741088867188,659.149169921875,685.4586181640625,1137.6661376953125,970.818359375,828.0482177734375,1075.4539794921875,326.3139343261719,580.1486206054688,839.5704956054688,665.5389404296875,714.4312133789062,582.7960205078125,1119.4708251953125,0.20280097424983978,0.20791491866111755,0.2489556223154068,0.1180420070886612,0.23323330283164978,0.262006014585495,0.21233758330345154,0.24041226506233215,0.22745375335216522,0.0754568949341774,0.2125759720802307,0.26463496685028076,0.2599758803844452,0.15349775552749634,0.2050630897283554,0.06987809389829636,0.25565990805625916,0.35260701179504395,0.25086671113967896,0.06137485057115555,0.11629679054021835,0.23598653078079224,0.22931581735610962,0.19204814732074738,0.2576473355293274,0.17811915278434753,0.30183175206184387,0.23893533647060394,0.21439872682094574,0.28528159856796265,0.3870498538017273,0.1513545960187912,0.3315175771713257,0.3239293098449707,0.3962171971797943,0.3463066816329956,0.16429370641708374,0.5058556199073792,0.27963584661483765,0.34156814217567444,0.03877163305878639,0.2486899495124817,0.33932772278785706,0.2962627708911896,0.20209413766860962,0.3571290075778961,0.16114580631256104,0.36702796816825867,0.21509408950805664,0.25422146916389465,0.14933796226978302
7,true_crime,The Itaewon Halloween Tragedy - 159 Dead & How The Police Tried To Cover It Up.mp3,2094.41064453125,767.4898681640625,1269.6578369140625,610.599609375,1491.746826171875,2186.719482421875,933.9905395507812,772.9124755859375,946.103759765625,1048.606201171875,0.0,739.8901977539062,356.92059326171875,1556.4908447265625,1229.4637451171875,291.378662109375,1664.844970703125,1058.142333984375,797.15625,1239.67236328125,1918.4515380859375,658.5882568359375,675.513671875,539.9298095703125,2446.168212890625,1913.3634033203125,683.2767333984375,276.93585205078125,1797.9739990234375,748.7883911132812,1170.814208984375,0.0,1045.598876953125,1384.2718505859375,322.0059814453125,668.7489624023438,656.5773315429688,719.2614135742188,301.20611572265625,266.95513916015625,813.1585083007812,289.8829345703125,252.50335693359375,1631.7667236328125,315.4217529296875,965.3255004882812,2379.40771484375,709.5946044921875,2110.65380859375,1781.8824462890625,1199.6600341796875,0.2699452340602875,0.2393701821565628,0.2136344462633133,0.213147833943367,0.2720707952976227,0.08814635127782822,0.31545519828796387,0.3483147621154785,0.3328903913497925,0.189658984541893,0.16311809420585632,0.06495346873998642,0.2864648103713989,0.03396689146757126,0.23079906404018402,0.2666155993938446,0.3063661456108093,0.32133832573890686,0.1454140543937683,0.24761123955249786,0.30098941922187805,0.14495709538459778,0.26535260677337646,0.21865372359752655,0.20690803229808807,0.19100303947925568,0.020513957366347313,0.25494828820228577,0.12057088315486908,0.2608256936073303,0.17978259921073914,0.18575850129127502,0.3996586799621582,0.29518672823905945,0.18043798208236694,0.2590785026550293,0.2655545473098755,0.3984120786190033,0.22532376646995544,0.3069102466106415,0.19047583639621735,0.22678978741168976,0.16108323633670807,0.29068523645401,0.28309521079063416,0.29883575439453125,0.10568338632583618,0.2925289273262024,0.19416417181491852,0.16137026250362396,0.018469305709004402
8,true_crime,Gerard John Schaefer ＂The Hangman＂ ｜ Episode 358 ｜ Morbid： A True Crime Podcast.mp3,2064.173583984375,1095.21435546875,526.3757934570312,658.6279296875,1137.184326171875,1662.623779296875,624.0425415039062,385.1529541015625,721.4778442382812,2046.9180908203125,1191.8013916015625,348.3524475097656,2039.2164306640625,308.0783996582031,1396.187744140625,406.385986328125,1576.558837890625,1310.8765869140625,1613.4530029296875,324.6958312988281,846.3590087890625,641.1580200195312,1533.0909423828125,2481.68603515625,1859.87646484375,258.0506591796875,307.73095703125,762.6549682617188,2074.9404296875,1670.3763427734375,293.13336181640625,345.2193908691406,666.6175537109375,786.1651611328125,1583.467041015625,1682.229736328125,1314.532470703125,430.73150634765625,1685.068115234375,714.6659545898438,796.9019775390625,840.9201049804688,746.6126098632812,649.7952880859375,966.3896484375,2248.519287109375,344.7235412597656,411.7261047363281,1244.252197265625,1345.294189453125,484.26544189453125,0.00764483492821455,0.3737609088420868,0.29840439558029175,0.026680637151002884,0.18603773415088654,0.24948281049728394,0.14084447920322418,0.20857982337474823,0.2742960751056671,0.05867203697562218,0.21153883635997772,0.3562212586402893,0.10983201861381531,0.2935371994972229,0.34275704622268677,0.16985097527503967,0.23484662175178528,0.33803892135620117,0.14783801138401031,0.2347337156534195,0.37065842747688293,0.326438844203949,0.24207191169261932,0.14273856580257416,0.024064352735877037,0.24366432428359985,0.21957117319107056,0.2456943243741989,0.22285066545009613,0.3452069163322449,0.29313477873802185,0.3074837327003479,0.35170087218284607,0.2623421847820282,0.2125101387500763,0.36377665400505066,0.2729688286781311,0.22958636283874512,0.0355893112719059,0.2718149423599243,0.2697192132472992,0.20777404308319092,0.04080025479197502,0.2753899097442627,0.3408353924751282,0.09256749600172043,0.19156205654144287,0.33404889702796936,0.3607766628265381,0.32624948024749756,0.011727787554264069
9,true_crime,Unhinged & Barbaric： The HORRIFYING Story of The Taylor Parker Case in Texas ｜ Reagan Hancock.mp3,1411.018798828125,0.0,1679.714111328125,1283.7191162109375,890.8505249023438,1402.8548583984375,1189.470458984375,0.0,924.7294921875,757.7874755859375,1358.0032958984375,874.2267456054688,622.2926025390625,967.4515380859375,2831.78125,783.3388671875,753.4085083007812,1163.89013671875,0.0,611.15380859375,370.80450439453125,0.0,2524.099609375,889.4445190429688,420.7830810546875,372.3150329589844,366.9585266113281,452.4942626953125,0.0,1059.9010009765625,951.2498168945312,894.4774780273438,338.29559326171875,0.0,443.2153015136719,890.4478759765625,2092.4326171875,492.7351379394531,604.6895751953125,332.6176452636719,687.898193359375,1047.95361328125,398.7647705078125,1200.83984375,0.0,1601.09814453125,1169.574951171875,192.40748596191406,769.4213256835938,331.20703125,180.74429321289062,0.07036539912223816,0.10338671505451202,0.12279542535543442,0.2580861747264862,0.32343509793281555,0.32603156566619873,0.11715351045131683,0.09721973538398743,0.2859290838241577,0.282050758600235,0.25167393684387207,0.3243981897830963,0.25887927412986755,0.17964956164360046,0.18314366042613983,0.29669439792633057,0.18498028814792633,0.13274887204170227,0.13274499773979187,0.1928441971540451,0.3975314199924469,0.2131640464067459,0.17137832939624786,0.24523358047008514,0.3085237741470337,0.23825886845588684,0.169343963265419,0.26521962881088257,0.12628674507141113,0.18741635978221893,0.18613003194332123,0.23362961411476135,0.17803612351417542,0.11645493656396866,0.16521677374839783,0.3275446593761444,0.05239744111895561,0.03226400539278984,0.2013552188873291,0.26233455538749695,0.13496005535125732,0.19302326440811157,0.1965854912996292,0.16834549605846405,0.08795806020498276,0.22606268525123596,0.16852231323719025,0.15237382054328918,0.13046906888484955,0.17683713138103485,0.025517601519823074
10,business,The Ramsey Show (REPLAY).mp3,0.0,357.6581115722656,756.92626953125,732.1531372070312,1079.452392578125,368.90875244140625,1744.0223388671875,753.0687255859375,248.23452758789062,567.9695434570312,964.6912231445312,1250.95703125,600.68408203125,445.1471252441406,1307.5218505859375,1041.7969970703125,1743.70556640625,897.8952026367188,1543.8233642578125,681.876953125,451.8321533203125,950.1375732421875,2021.9326171875,2243.431396484375,1556.1588134765625,917.5819091796875,1044.6759033203125,920.8472900390625,2280.742431640625,332.417724609375,1984.00830078125,731.3222045898438,433.6339416503906,784.8628540039062,810.173095703125,800.4153442382812,358.873046875,2318.41015625,794.7569580078125,675.48046875,653.2301635742188,352.72686767578125,971.1129760742188,1790.26318359375,922.4027709960938,591.7630615234375,674.8779296875,595.4049072265625,504.50885009765625,1002.9703369140625,0.0,0.0,0.1389285922050476,0.02413335256278515,0.16064761579036713,0.20243631303310394,0.20450469851493835,0.2269861251115799,0.24024905264377594,0.1862403005361557,0.16043539345264435,0.2711213529109955,0.2192038595676422,0.3477671146392822,0.12616750597953796,0.013613132759928703,0.15018630027770996,0.25874844193458557,0.26626986265182495,0.014803300611674786,0.3283449411392212,0.21985796093940735,0.07897847145795822,0.060326628386974335,0.13712359964847565,0.3372434079647064,0.09816218167543411,0.23939372599124908,0.20017565786838531,0.19502705335617065,0.30068182945251465,0.09381145238876343,0.23783303797245026,0.2800162434577942,0.296109139919281,0.3043631613254547,0.12913787364959717,0.01067630760371685,0.15589024126529694,0.27926522493362427,0.22117064893245697,0.22393742203712463,0.1313513070344925,0.3352687954902649,0.23272442817687988,0.2172989845275879,0.11489295959472656,0.27663081884384155,0.25233691930770874,0.19491490721702576,0.28953075408935547,0.0
11,business,"Mark Zuckerberg Takes On Apple Fanboys, Tech Layoffs, Raising Cattle & More.mp3",1526.7176513671875,642.0844116210938,712.4237060546875,323.4093017578125,305.7933654785156,447.4244079589844,501.5268249511719,813.1450805664062,359.2669982910156,766.36083984375,229.6298065185547,770.0930786132812,574.8275756835938,359.1657409667969,376.4644775390625,387.6310729980469,1616.2518310546875,258.06011962890625,390.384521484375,381.3011169433594,974.4847412109375,1952.2777099609375,1173.5880126953125,558.5621948242188,785.5504150390625,433.1017150878906,350.6117248535156,518.197998046875,1015.25,722.1560668945312,1382.8743896484375,376.15057373046875,1505.620849609375,0.0,320.7604064941406,1342.177734375,836.9578247070312,735.0119018554688,2113.66845703125,1172.41455078125,389.1649475097656,673.43359375,605.0096435546875,331.0723571777344,657.1089477539062,1586.3839111328125,368.40447998046875,413.2572937011719,1217.5550537109375,680.5635986328125,573.1259765625,0.1387433558702469,0.3186109960079193,0.32567664980888367,0.25359490513801575,0.25472304224967957,0.3802719712257385,0.027489040046930313,0.25718954205513,0.4525359272956848,0.3898887634277344,0.11808124929666519,0.2479654997587204,0.37443748116493225,0.2888921797275543,0.3337938189506531,0.3405698239803314,0.07617031782865524,0.2614642083644867,0.4001844823360443,0.28479689359664917,0.3445168137550354,0.0443497896194458,0.2735774517059326,0.03032313846051693,0.3343592882156372,0.051604874432086945,0.42261064052581787,0.3184627294540405,0.3181489408016205,0.2945311665534973,0.3579091727733612,0.45479992032051086,0.05209427326917648,0.25695163011550903,0.4378569424152374,0.2744075357913971,0.27601754665374756,0.03484274074435234,0.38026267290115356,0.37829771637916565,0.4158267378807068,0.06347686797380447,0.25627216696739197,0.3468559980392456,0.4158858358860016,0.04730099439620972,0.03325271978974342,0.4159683287143707,0.4305958151817322,0.4431377053260803,0.02531149983406067
12,business,Andrew Tate EXCLUSIVE INTERVIEW： Jail Life ｜ BBC Reaction ｜ Matrix ｜ Religion ｜ Future Plans.mp3,1995.432373046875,284.1504821777344,777.9981689453125,670.5435791015625,461.0270690917969,804.9415283203125,374.0420227050781,1524.9366455078125,390.6746520996094,460.7705993652344,960.2614135742188,515.0966186523438,920.4865112304688,435.3767395019531,454.1867980957031,812.0234375,796.4780883789062,370.5021667480469,2108.590576171875,606.302978515625,505.43231201171875,659.4601440429688,447.3690490722656,1492.42333984375,381.0902099609375,573.057861328125,789.932373046875,633.013427734375,730.095703125,454.48675537109375,599.716796875,360.323486328125,585.8510131835938,715.7650756835938,868.6517333984375,1183.865966796875,861.4405517578125,443.0993957519531,931.4940795898438,748.3614501953125,453.40936279296875,683.8309326171875,1000.0191650390625,358.015869140625,352.3555908203125,1677.78125,861.3173217773438,1411.5989990234375,486.09466552734375,946.6788330078125,0.0,0.004568307660520077,0.33188343048095703,0.2817523181438446,0.3593766391277313,0.5124416351318359,0.41927260160446167,0.3066795766353607,0.17484809458255768,0.2976300120353699,0.27470076084136963,0.26814794540405273,0.3465430736541748,0.11568716168403625,0.24676203727722168,0.14192932844161987,0.2928568422794342,0.1802416741847992,0.34120824933052063,0.15456880629062653,0.2764003276824951,0.295208603143692,0.1781935840845108,0.201401025056839,0.10316077619791031,0.2806001603603363,0.23565563559532166,0.35710838437080383,0.3023536503314972,0.12403124570846558,0.2452632188796997,0.12835441529750824,0.2493400126695633,0.4050407409667969,0.17631258070468903,0.356177419424057,0.18951913714408875,0.36548712849617004,0.38904428482055664,0.27219200134277344,0.09545087814331055,0.19680218398571014,0.26022621989250183,0.11375513672828674,0.2965296804904938,0.20824499428272247,0.463727742433548,0.09028295427560806,0.27345532178878784,0.21149158477783203,0.29475945234298706,0.0
13,business,"No.1 Neuroscientist： Stress Leaks Through Skin, Is Contagious & Gives You Belly Fat!- Dr. Tara Swart.mp3",0.0,359.3610534667969,0.0,1422.2962646484375,333.7437438964844,1146.0694580078125,856.0016479492188,257.04327392578125,620.8187255859375,730.92333984375,529.31884765625,730.0526123046875,1284.3800048828125,1156.6885986328125,314.86529541015625,298.59625244140625,295.36328125,0.0,0.0,1290.00830078125,298.7977600097656,1350.8974609375,605.8474731445312,269.7402648925781,323.4221496582031,2084.085693359375,178.51361083984375,792.033935546875,321.9098815917969,1915.466552734375,285.36285400390625,242.41705322265625,591.1240844726562,537.2354125976562,947.1470336914062,554.9464111328125,1532.3291015625,338.1048583984375,1757.5091552734375,184.51937866210938,206.7483367919922,1451.255615234375,2440.933349609375,2130.11474609375,523.4454956054688,231.6988067626953,860.108642578125,330.28485107421875,249.77084350585938,166.0028076171875,0.0,0.0,0.3206450641155243,0.05206951126456261,0.25369971990585327,0.1730901300907135,0.20762740075588226,0.3739616870880127,0.025711379945278168,0.10014612227678299,0.27150124311447144,0.24664393067359924,0.24210995435714722,0.3248571455478668,0.1823505163192749,0.1295931488275528,0.2948984205722809,0.22282786667346954,0.16272777318954468,0.18520750105381012,0.10215795785188675,0.32262304425239563,0.22396346926689148,0.2054319828748703,0.11039625853300095,0.2481337934732437,0.16565610468387604,0.02795267291367054,0.28521308302879333,0.22429178655147552,0.03394077718257904,0.2806318700313568,0.17546753585338593,0.04870108887553215,0.14979705214500427,0.22485405206680298,0.19990748167037964,0.11349121481180191,0.12488353252410889,0.10620202869176865,0.09708186984062195,0.05910855904221535,0.04145902022719383,0.06453986465930939,0.05771424621343613,0.021650319918990135,0.03183157369494438,0.2153015434741974,0.023707639425992966,0.1392829269170761,0.18581150472164154,0.0
14,business,"Jocko Podcast 115 with Dakota Meyer - Into The Fire, and Beyond the Call of Duty.mp3",2171.78271484375,775.2266845703125,399.1946716308594,615.2373046875,1613.0877685546875,349.3951110839844,886.7804565429688,760.519287109375,369.3477478027344,220.5176239013672,358.7659606933594,354.1215515136719,173.6658935546875,550.6245727539062,334.5021667480469,186.99546813964844,2265.766357421875,385.1205139160156,311.56195068359375,614.5062866210938,329.69708251953125,317.9176025390625,724.2989501953125,158.4712677001953,606.457275390625,3247.72802734375,368.8880310058594,389.3428955078125,302.0594482421875,292.2637634277344,181.5171356201172,356.7347717285156,756.60595703125,348.8227844238281,146.6030731201172,152.1673126220703,385.1520690917969,158.84349060058594,2606.635009765625,243.84158325195312,378.1051330566406,285.40460205078125,1118.5830078125,276.0447998046875,318.762939453125,535.45068359375,202.53150939941406,329.0161437988281,321.10333251953125,273.306884765625,0.0,0.0001686606410657987,0.08134061843156815,0.41134515404701233,0.3999800384044647,0.15799735486507416,0.26164427399635315,0.15961937606334686,0.2723650634288788,0.4070613980293274,0.2715769410133362,0.39416658878326416,0.2508455514907837,0.138606995344162,0.48425811529159546,0.4394950568675995,0.12012586742639542,0.23711907863616943,0.5546788573265076,0.33265990018844604,0.3961372673511505,0.34447023272514343,0.12445878237485886,0.338532954454422,0.05844508111476898,0.4033815562725067,0.22339671850204468,0.35862651467323303,0.372433066368103,0.4816625118255615,0.1900913417339325,0.06777860224246979,0.23854611814022064,0.15319077670574188,0.41128459572792053,0.0680122897028923,0.06520324945449829,0.31697678565979004,0.0389551967382431,0.2580321729183197,0.037439048290252686,0.49192413687705994,0.31816360354423523,0.21359942853450775,0.25797322392463684,0.585835337638855,0.3108099699020386,0.4490756690502167,0.39519768953323364,0.02891126275062561,0.23148676753044128,0.0
15,science,Animal Minds ｜ Radiolab Podcast.mp3,0.0,569.7808227539062,515.4290771484375,1131.386962890625,236.9532470703125,649.6448364257812,379.8046875,1284.7593994140625,2109.638916015625,713.3368530273438,652.3419189453125,263.8123474121094,330.0021057128906,701.8217163085938,1570.5555419921875,157.13278198242188,296.71148681640625,1868.7176513671875,1209.2412109375,579.466796875,304.63580322265625,445.5921630859375,312.0085754394531,299.2290954589844,297.98065185546875,2492.683349609375,351.9121398925781,1559.03173828125,570.02392578125,1129.332763671875,1058.7852783203125,866.5133666992188,1164.30810546875,313.1659240722656,202.860595703125,568.0712890625,536.2438354492188,705.6722412109375,482.9234619140625,409.555419921875,1650.3126220703125,359.7110900878906,1095.7318115234375,1111.028564453125,174.93569946289062,1144.68212890625,691.114501953125,451.8971862792969,308.0710144042969,2134.3798828125,0.0,0.0,0.24945759773254395,0.2361280769109726,0.19234226644039154,0.28921568393707275,0.42369839549064636,0.12541471421718597,0.14545483887195587,0.13309955596923828,0.13224130868911743,0.49493473768234253,0.1991831660270691,0.2617200016975403,0.39188873767852783,0.06205499917268753,0.059567783027887344,0.20301413536071777,0.26428326964378357,0.16884158551692963,0.13377413153648376,0.279508501291275,0.10122252255678177,0.32963770627975464,0.2953638732433319,0.25403961539268494,0.2367841601371765,0.15006548166275024,0.36161378026008606,0.212411567568779,0.4009873867034912,0.06798949837684631,0.2924422323703766,0.10527661442756653,0.029810843989253044,0.09922131896018982,0.2020147740840912,0.398258239030838,0.35762086510658264,0.23820142447948456,0.2521336078643799,0.06980138272047043,0.31898266077041626,0.3366926908493042,0.20811054110527039,0.19183433055877686,0.38125255703926086,0.40616410970687866,0.32152941823005676,0.19663025438785553,0.09261048585176468,0.0
16,science,Jordan Peterson is Back!  -  Bret Weinstein's DarkHorse Podcast.mp3,1832.1156005859375,416.1441955566406,781.7029418945312,1046.970703125,1823.9869384765625,1953.0635986328125,2171.138671875,2198.08203125,271.9451904296875,436.45904541015625,967.7139892578125,666.3381958007812,1622.508544921875,332.67657470703125,775.5890502929688,284.7768859863281,1839.902587890625,1813.0032958984375,270.9810791015625,261.06341552734375,296.27947998046875,1570.6390380859375,251.5519256591797,272.88616943359375,2292.320068359375,2150.4453125,2201.7197265625,272.04254150390625,395.9683532714844,2224.403564453125,2261.39794921875,2106.630615234375,1010.5692749023438,2245.783447265625,376.96307373046875,608.49658203125,313.7524719238281,184.24862670898438,946.4761962890625,252.2135009765625,1396.2105712890625,231.9154052734375,402.5279541015625,3595.626953125,1312.35693359375,427.1393127441406,1700.5289306640625,2017.572265625,407.0573425292969,309.7226867675781,535.875732421875,0.08786787837743759,0.1804146021604538,0.00973592884838581,0.023899048566818237,0.21818530559539795,0.008560658432543278,0.01505978312343359,0.03311888873577118,0.05583515390753746,0.1372029334306717,0.1977469027042389,0.17922620475292206,0.11314135789871216,0.2052946537733078,0.2624298930168152,0.19895921647548676,0.2333834171295166,0.17756323516368866,0.14294186234474182,0.1263866424560547,0.10609938949346542,0.03045659326016903,0.17386627197265625,0.06474880129098892,0.03799787908792496,0.09341065585613251,0.2328244149684906,0.24155324697494507,0.21209381520748138,0.012737715616822243,0.08549878746271133,0.026332372799515724,0.2390141785144806,0.08684352785348892,0.2285468727350235,0.19477681815624237,0.128020241856575,0.1992512047290802,0.19479303061962128,0.1184852123260498,0.01433303952217102,0.0881732925772667,0.09774427860975266,0.18475237488746643,0.2430979162454605,0.16795231401920319,0.008472112007439137,0.2685064673423767,0.16795843839645386,0.10668960958719254,0.012302816845476627
17,science,EP： 167 Angels in the Andes with Tim Alberino.mp3,0.0,1355.7261962890625,1102.864501953125,1241.0738525390625,884.9934692382812,366.4810485839844,1099.576416015625,3429.59130859375,994.7891845703125,2489.19091796875,751.770263671875,275.420166015625,266.45220947265625,586.5668334960938,348.34393310546875,1104.9459228515625,0.0,892.9322509765625,1208.262451171875,253.09689331054688,0.0,1879.7965087890625,1953.040771484375,2364.783447265625,1320.9149169921875,1049.3824462890625,297.63201904296875,1345.404541015625,420.4847412109375,3165.628662109375,2034.8433837890625,609.0559692382812,262.6460876464844,921.5155029296875,473.66827392578125,641.5864868164062,374.2801208496094,1558.4952392578125,295.7971496582031,338.0393981933594,311.5351867675781,640.2864990234375,1208.2857666015625,329.556640625,339.0843505859375,2762.184814453125,2451.886962890625,895.33349609375,1120.30517578125,782.82080078125,0.0,0.0,0.5740901231765747,0.3932584524154663,0.47674867510795593,0.4114360511302948,0.4022100865840912,0.5161527395248413,0.3864903450012207,0.4794403314590454,0.1540430784225464,0.29649588465690613,0.391011118888855,0.48061901330947876,0.5470381379127502,0.5198919177055359,0.44584283232688904,0.013471243903040886,0.4116693139076233,0.3542584776878357,0.32182565331459045,0.008810414932668209,0.007084028795361519,0.5500094890594482,0.3142237067222595,0.33769726753234863,0.33879581093788147,0.48023897409439087,0.34183406829833984,0.18054141104221344,0.5877711772918701,0.5114749073982239,0.36513450741767883,0.5584594011306763,0.4396595358848572,0.3832533061504364,0.3498300313949585,0.22677387297153473,0.46911323070526123,0.32837048172950745,0.38717517256736755,0.23829609155654907,0.4232425093650818,0.09624466300010681,0.44916898012161255,0.3242030441761017,0.32720696926116943,0.17860949039459229,0.4944418668746948,0.4143519103527069,0.5205966830253601,0.0
18,science,Why Every World Map You've Ever Read is Wrong.mp3,2267.9365234375,1830.5078125,536.2047729492188,346.10455322265625,451.0126037597656,398.8155517578125,1154.5545654296875,949.0256958007812,471.3643798828125,1323.372314453125,2406.0849609375,2879.623291015625,1952.3880615234375,287.5445861816406,432.4125671386719,305.8608093261719,408.8891906738281,369.6852111816406,520.9441528320312,360.1322021484375,332.8938903808594,531.3670043945312,739.0321044921875,1830.790771484375,280.79510498046875,1122.9613037109375,633.3619384765625,2489.790283203125,832.4012451171875,360.8724060058594,1600.794921875,548.4017333984375,587.2998657226562,809.95166015625,591.670654296875,1741.7899169921875,1213.541748046875,1167.86962890625,2063.24658203125,592.0441284179688,337.474609375,517.3244018554688,1705.52490234375,1815.388671875,354.6243896484375,1042.4085693359375,1869.4942626953125,481.9445495605469,1013.8074340820312,563.3304443359375,1488.4412841796875,0.016055816784501076,0.17606906592845917,0.22631706297397614,0.18321296572685242,0.3570772409439087,0.1932707130908966,0.25983351469039917,0.20021073520183563,0.18938741087913513,0.2759307026863098,0.1721312701702118,0.24544796347618103,0.051903799176216125,0.12164478003978729,0.12646697461605072,0.17952968180179596,0.14675495028495789,0.1922723650932312,0.25952738523483276,0.141954705119133,0.24845072627067566,0.3010404407978058,0.08944699168205261,0.25191524624824524,0.09682037681341171,0.2729446291923523,0.3067513108253479,0.24923959374427795,0.230453759431839,0.23397891223430634,0.20197759568691254,0.2585632801055908,0.2777872383594513,0.17450854182243347,0.2234569638967514,0.13117147982120514,0.17159326374530792,0.3055858910083771,0.14660687744617462,0.3504932224750519,0.2659018039703369,0.33372071385383606,0.20552070438861847,0.2565298080444336,0.21622303128242493,0.05327410623431206,0.03811828792095184,0.15001976490020752,0.07422570139169693,0.12247415632009506,0.04191550239920616
19,science,StarTalk Live Podcast： Big Brains at BAM with Neil deGrasse Tyson.mp3,536.2921142578125,1672.78955078125,825.6473999023438,2055.13623046875,1653.8275146484375,1711.342529296875,1378.45166015625,1420.892822265625,2290.81982421875,1767.4422607421875,1772.251708984375,1465.5670166015625,872.1837768554688,1691.769775390625,1035.641357421875,1783.710205078125,454.38604736328125,1566.1982421875,586.8629150390625,2206.634521484375,553.63037109375,1172.74072265625,2000.4798583984375,1029.69970703125,1973.8638916015625,1933.701416015625,615.2891845703125,962.2259521484375,1792.88671875,1760.92919921875,1090.097900390625,744.89404296875,1033.5869140625,922.7974243164062,1517.779541015625,522.4340209960938,1491.2210693359375,2241.686279296875,1565.89501953125,1715.5301513671875,1871.948486328125,496.63726806640625,848.1719360351562,1745.400390625,781.0902709960938,728.5167846679688,531.0641479492188,2073.530517578125,453.9463806152344,611.577880859375,0.0,0.031060917302966118,0.20097462832927704,0.16514486074447632,0.08932631462812424,0.24532711505889893,0.13236774504184723,0.16509172320365906,0.28402552008628845,0.17157617211341858,0.09876011312007904,0.0953497663140297,0.12185614556074142,0.23809294402599335,0.08369692414999008,0.1274743527173996,0.04830971732735634,0.20294159650802612,0.17624083161354065,0.10907032340765,0.3633624315261841,0.16381162405014038,0.08218862861394882,0.2668043375015259,0.13580305874347687,0.23215386271476746,0.18283113837242126,0.07097834348678589,0.3169049024581909,0.12533651292324066,0.1793501377105713,0.2746153175830841,0.10095656663179398,0.3004966080188751,0.1242370679974556,0.2614591717720032,0.13069961965084076,0.09505550563335419,0.06584358960390091,0.0988631546497345,0.17241041362285614,0.10997792333364487,0.1102684885263443,0.12450584769248962,0.13762235641479492,0.28740403056144714,0.044034652411937714,0.05363055691123009,0.14625506103038788,0.22198103368282318,0.12205735594034195,0.0
20,self_help,"Dana White ｜ Overcoming The Leading Killer, Metabolic Syndrome ｜ The Ultimate Human with Gary Brecka.mp3",215.80043029785156,2233.185791015625,2934.10791015625,637.6370849609375,586.2939453125,837.0601806640625,2557.37109375,212.1280517578125,2426.673828125,1954.9847412109375,1501.7750244140625,1206.2847900390625,660.3497314453125,1840.9583740234375,602.857421875,404.19671630859375,2678.8212890625,870.9724731445312,877.7307739257812,1719.632568359375,348.22808837890625,1584.3798828125,1872.34619140625,1818.6484375,3469.07373046875,821.7833251953125,1881.3492431640625,269.5061950683594,337.62841796875,257.65740966796875,2025.5391845703125,279.3473815917969,1713.6756591796875,405.65673828125,2243.96240234375,316.8692626953125,702.896484375,249.963623046875,860.900634765625,245.9636688232422,266.9572448730469,340.0596923828125,499.3134765625,635.9650268554688,290.8135986328125,301.13922119140625,283.75311279296875,1535.0966796875,1843.422607421875,891.9085083007812,0.0,0.06656874716281891,0.01674756221473217,0.26620620489120483,0.03559054434299469,0.3797297775745392,0.23333579301834106,0.16728229820728302,0.18907430768013,0.31670185923576355,0.3862203061580658,0.37821099162101746,0.07464693486690521,0.3277931809425354,0.14839428663253784,0.418383926153183,0.32160714268684387,0.2222556471824646,0.3240148723125458,0.3128042221069336,0.30089476704597473,0.1868407279253006,0.3210764229297638,0.2157190889120102,0.25245386362075806,0.20925100147724152,0.27074116468429565,0.04191836714744568,0.2981605529785156,0.22786696255207062,0.34007716178894043,0.22263750433921814,0.17666204273700714,0.3126166760921478,0.2637193202972412,0.03553362190723419,0.1737143099308014,0.33563271164894104,0.25046584010124207,0.24844327569007874,0.21877577900886536,0.19701038300991058,0.20480625331401825,0.291150838136673,0.2750069797039032,0.024024248123168945,0.06674183905124664,0.33996912837028503,0.38095274567604065,0.3697778284549713,0.3298562169075012,0.0
21,self_help,How The Law Of Attraction REALLY WORKS! (Achieve Anything You Want) ｜ Rob Dial.mp3,397.9181823730469,711.7116088867188,1139.902587890625,778.906494140625,1025.8697509765625,1460.677978515625,562.4058837890625,649.2206420898438,650.103271484375,397.73455810546875,573.8119506835938,334.5537109375,2570.79833984375,308.5003356933594,809.166015625,326.4534606933594,653.3609619140625,701.1295166015625,438.0782165527344,267.67193603515625,362.289306640625,2015.1463623046875,343.0061340332031,528.8897094726562,322.7308349609375,423.9328918457031,377.0730895996094,311.828125,719.06689453125,387.7879943847656,584.9697265625,2658.54296875,746.7665405273438,531.3901977539062,276.03662109375,377.6456604003906,693.3675537109375,585.033447265625,718.9940185546875,774.4299926757812,371.857421875,1044.402099609375,654.4403686523438,516.0596923828125,2068.34716796875,436.4112854003906,284.45196533203125,915.8031005859375,297.0383605957031,747.6937255859375,655.0665283203125,0.015368464402854443,0.4222734272480011,0.1120205745100975,0.23941078782081604,0.08560561388731003,0.0842885747551918,0.25363385677337646,0.09218380600214005,0.10268648713827133,0.24008429050445557,0.22215789556503296,0.2018446922302246,0.19420126080513,0.3057515323162079,0.2637401223182678,0.2520895302295685,0.30663350224494934,0.5057818293571472,0.18017731606960297,0.32052159309387207,0.10774081945419312,0.2039743810892105,0.34591150283813477,0.2993866503238678,0.18379519879817963,0.10659799724817276,0.22771398723125458,0.12020432949066162,0.42757898569107056,0.24076080322265625,0.25940921902656555,0.2725498080253601,0.2957491874694824,0.32609492540359497,0.19560272991657257,0.2903665006160736,0.3230421245098114,0.20575113594532013,0.11058599501848221,0.25257888436317444,0.10387853533029556,0.3576820492744446,0.2946833372116089,0.2978709936141968,0.18330737948417664,0.15185722708702087,0.22638876736164093,0.11427822709083557,0.3722350299358368,0.2380581647157669,0.04182093217968941
22,self_help,"LOVE EXPERT ON： When A Man TRULY LOVES You, He Will DO THIS! ｜ Stephan Speaks & Jay Shetty.mp3",205.40084838867188,382.5296325683594,1725.6522216796875,2083.96240234375,797.3880004882812,544.111083984375,1048.247314453125,716.7820434570312,401.0643615722656,277.1227111816406,366.7403564453125,347.3807678222656,927.0951538085938,443.58599853515625,429.20062255859375,1891.8482666015625,2054.36279296875,478.8668212890625,654.106689453125,697.5004272460938,1045.83935546875,334.6898498535156,1358.538330078125,568.4619140625,1035.5714111328125,964.0130004882812,677.0195922851562,627.9274291992188,857.1770629882812,440.4647216796875,389.6864013671875,284.4169616699219,1543.3839111328125,407.926025390625,344.4001770019531,566.40869140625,437.3296203613281,329.1026306152344,731.4295654296875,2695.4248046875,1201.3798828125,640.375,852.6543579101562,415.7790832519531,417.7415466308594,633.7294311523438,1761.8602294921875,334.717529296875,507.9324645996094,980.8980712890625,416.8543701171875,0.2642499804496765,0.24919211864471436,0.13794679939746857,0.04258786514401436,0.3916684091091156,0.3096367418766022,0.40423792600631714,0.3947742283344269,0.28197503089904785,0.17470626533031464,0.25699755549430847,0.35251951217651367,0.2860243618488312,0.3936735689640045,0.37555131316185,0.023550428450107574,0.016066983342170715,0.2057044357061386,0.20846615731716156,0.310244083404541,0.10930269211530685,0.16060097515583038,0.03001592680811882,0.29619333148002625,0.35168665647506714,0.2987728714942932,0.2551816403865814,0.319073349237442,0.21654294431209564,0.31490617990493774,0.08821746706962585,0.18041804432868958,0.027057301253080368,0.3166501224040985,0.19993574917316437,0.04519381746649742,0.43561166524887085,0.2420267015695572,0.2046794891357422,0.20693817734718323,0.1468697339296341,0.31591352820396423,0.0717456191778183,0.1972493976354599,0.258794903755188,0.26210343837738037,0.0055543482303619385,0.27201610803604126,0.2768971920013428,0.3561778664588928,0.14900587499141693
23,self_help,Dr. Paul Conti： How to Understand & Assess Your Mental Health ｜ Huberman Lab Guest Series.mp3,937.3534545898438,301.0451354980469,514.1837768554688,1608.638427734375,1398.3812255859375,737.1229248046875,388.1513671875,305.6301574707031,306.76287841796875,333.5688781738281,1826.31689453125,249.3878936767578,386.74713134765625,1484.2171630859375,2135.62109375,310.70709228515625,521.9866333007812,269.7777099609375,596.7774047851562,1701.3675537109375,365.1872253417969,925.1012573242188,874.4528198242188,325.3876647949219,738.6378173828125,711.1358032226562,338.3369140625,265.55914306640625,318.80267333984375,2840.0234375,407.1576843261719,321.93841552734375,781.8291015625,910.0604248046875,1151.8538818359375,190.2972412109375,861.0392456054688,651.8569946289062,1082.8995361328125,402.7419128417969,2294.056640625,690.12451171875,504.2411193847656,316.6261291503906,1345.175048828125,574.759033203125,426.5952453613281,1229.036376953125,1604.55908203125,489.4259338378906,509.87799072265625,0.014857841655611992,0.4195394515991211,0.017886077985167503,0.03460158780217171,0.2905213236808777,0.36833786964416504,0.22493256628513336,0.29761987924575806,0.24377043545246124,0.3113907277584076,0.02859523519873619,0.2123567759990692,0.3072468042373657,0.24348483979701996,0.13481193780899048,0.3216845989227295,0.18857814371585846,0.4054625928401947,0.30209648609161377,0.18280255794525146,0.3676691949367523,0.3613887131214142,0.2778741121292114,0.3690192401409149,0.27058351039886475,0.3396728038787842,0.30942150950431824,0.2857365906238556,0.22606182098388672,0.24411901831626892,0.29949942231178284,0.3111366927623749,0.1081584021449089,0.2995932400226593,0.2840549945831299,0.19551001489162445,0.4204995930194855,0.40425005555152893,0.33696869015693665,0.3363806903362274,0.14725622534751892,0.36331695318222046,0.41158100962638855,0.18566985428333282,0.005868491251021624,0.4275438189506531,0.0974864810705185,0.05917792022228241,0.049957025796175,0.3013485074043274,0.005134414415806532
24,self_help,Brené Brown Says You're Doing Feelings Wrong ｜ Podcast Episode 436.mp3,2045.2093505859375,969.6702270507812,1995.384521484375,875.8931274414062,544.591552734375,3899.2568359375,704.419921875,314.35211181640625,415.5336608886719,538.1466064453125,549.7886962890625,368.9141845703125,599.1002807617188,972.2896728515625,315.0575866699219,198.0959930419922,1766.2734375,1093.9754638671875,504.7336730957031,591.9916381835938,849.7952880859375,750.4071044921875,334.1971740722656,394.63409423828125,298.4140319824219,0.0,1320.8173828125,447.2408752441406,1029.805419921875,2128.15185546875,521.5849609375,645.7477416992188,746.8740234375,765.0118408203125,1187.240234375,1376.6395263671875,159.87628173828125,0.0,313.2296447753906,747.34375,932.3566284179688,390.6077575683594,854.8709106445312,1165.1937255859375,392.0008239746094,797.0729370117188,457.2884521484375,273.006591796875,1328.6160888671875,273.9225158691406,0.0,0.001734468387439847,0.12301526963710785,0.14278051257133484,0.32252511382102966,0.3355175852775574,0.2147383987903595,0.39577633142471313,0.26412487030029297,0.3441496193408966,0.38816678524017334,0.015199539251625538,0.35815438628196716,0.34153667092323303,0.18917858600616455,0.3872767686843872,0.2191353738307953,0.32738783955574036,0.014684243127703667,0.30465227365493774,0.34456416964530945,0.22547774016857147,0.3701091408729553,0.3655587136745453,0.31607991456985474,0.378157377243042,0.22914721071720123,0.40575549006462097,0.023287083953619003,0.36496609449386597,0.0034982168581336737,0.2832528054714203,0.31402578949928284,0.326926589012146,0.2512124180793762,0.012856737710535526,0.23750437796115875,0.3466808795928955,0.07560470700263977,0.05170491710305214,0.41038990020751953,0.1841219663619995,0.376919150352478,0.30380022525787354,0.4080420434474945,0.028087608516216278,0.018464958295226097,0.2709570825099945,0.3015103042125702,0.4083881080150604,0.20142699778079987,0.0
25,comedy,Joe Rogan ｜ This Past Weekend w⧸ Theo Von #403.mp3,2044.0147705078125,735.8051147460938,253.00596618652344,1262.4013671875,203.99388122558594,1454.5291748046875,518.530029296875,1208.1937255859375,2350.095703125,329.056396484375,1721.7977294921875,580.5507202148438,590.2880859375,284.57354736328125,741.0497436523438,2098.79150390625,272.7629089355469,801.6823120117188,864.6375122070312,276.686767578125,1800.219482421875,548.2725219726562,616.8421630859375,1485.7431640625,251.0009002685547,636.258056640625,1425.145263671875,865.6943359375,2048.580810546875,796.2312622070312,278.0715637207031,1163.87744140625,495.7295837402344,320.14935302734375,279.9865417480469,531.2015991210938,641.21923828125,361.837646484375,924.115234375,367.9698791503906,1611.059326171875,254.7515106201172,1193.415283203125,454.91033935546875,1105.773681640625,0.0,463.0522155761719,689.2562866210938,2650.0244140625,709.3609619140625,0.0,0.02363535203039646,0.34397026896476746,0.22453878819942474,0.37137284874916077,0.041576433926820755,0.1541953980922699,0.28207528591156006,0.257986456155777,0.07936741411685944,0.18842880427837372,0.37833699584007263,0.38846340775489807,0.11719096451997757,0.036808598786592484,0.3322048783302307,0.10010754317045212,0.15844161808490753,0.33898231387138367,0.24943850934505463,0.354315847158432,0.3029497563838959,0.32248830795288086,0.21294249594211578,0.32343384623527527,0.032473430037498474,0.2518497109413147,0.34641048312187195,0.04681535065174103,0.20672042667865753,0.2737649083137512,0.051662854850292206,0.3393539786338806,0.09063367545604706,0.2131350338459015,0.2858424782752991,0.25304123759269714,0.30088040232658386,0.30795907974243164,0.3337116539478302,0.3197161853313446,0.3657979369163513,0.044726788997650146,0.056162066757678986,0.32885780930519104,0.23486705124378204,0.12995027005672455,0.22384954988956451,0.26224052906036377,0.18501801788806915,0.2082822173833847,0.0
26,comedy,Joe Rogan Experience #1315 - Bob Lazar & Jeremy Corbell.mp3,2249.71826171875,399.26043701171875,599.430908203125,1062.6070556640625,536.5193481445312,2334.60107421875,302.4539489746094,509.56390380859375,244.2314453125,1240.634521484375,346.9326171875,1030.6722412109375,2532.874267578125,1273.806640625,2152.66162109375,264.4952392578125,2538.671142578125,1303.9478759765625,1984.1192626953125,1140.671142578125,1640.615234375,445.4040222167969,1937.760986328125,301.0346984863281,1639.7371826171875,418.2036437988281,1257.66455078125,424.7690734863281,684.1820678710938,593.2621459960938,3091.404296875,610.7747802734375,701.3088989257812,2326.570068359375,872.4710693359375,526.8650512695312,1250.259521484375,268.8970642089844,631.658203125,318.9215087890625,1063.398681640625,463.2392578125,1116.9144287109375,536.9442138671875,726.6837768554688,1931.7872314453125,650.16796875,2584.21533203125,249.3134765625,1683.1328125,0.0,0.0010485011152923107,0.04328479990363121,0.3158480226993561,0.26411598920822144,0.37770605087280273,0.4082197844982147,0.39450615644454956,0.36916154623031616,0.3392713665962219,0.38923296332359314,0.45743313431739807,0.3796502649784088,0.3164184093475342,0.2036868780851364,0.468070387840271,0.05628903955221176,0.20575091242790222,0.5241340398788452,0.08734571188688278,0.5370782017707825,0.42460477352142334,0.057002224028110504,0.2264893501996994,0.3777061700820923,0.30015701055526733,0.37716764211654663,0.5109610557556152,0.31804367899894714,0.3418341279029846,0.20321613550186157,0.3259250521659851,0.39699673652648926,0.32330405712127686,0.18048685789108276,0.3057958483695984,0.5080525279045105,0.33643004298210144,0.4166778326034546,0.34595251083374023,0.12398018687963486,0.2984505295753479,0.434591680765152,0.2806883454322815,0.39221808314323425,0.2270931899547577,0.5300403237342834,0.17882375419139862,0.37118834257125854,0.28093189001083374,0.03844492882490158,0.009713448584079742
27,comedy,Bill Hader ｜ SmartLess.mp3,0.0,2355.069091796875,1317.05126953125,196.09495544433594,232.7874755859375,1004.732666015625,1426.2662353515625,892.9942016601562,778.07958984375,748.9486694335938,741.4130249023438,1972.11669921875,1824.5284423828125,545.905517578125,756.230224609375,968.1354370117188,1003.3886108398438,1631.201416015625,1533.1258544921875,1195.8577880859375,1398.001220703125,1579.6072998046875,957.1372680664062,1177.79638671875,1203.9796142578125,245.8174591064453,637.5010986328125,2186.438720703125,273.39739990234375,1554.04833984375,292.0862731933594,385.2464904785156,1146.3072509765625,269.91802978515625,2022.0791015625,1017.88525390625,921.49072265625,2056.614013671875,974.4144287109375,1674.04052734375,918.7003173828125,1247.5609130859375,1614.5889892578125,2065.3955078125,1643.57177734375,1391.5174560546875,1148.4580078125,609.2431640625,1256.00537109375,1198.6383056640625,0.0,0.0,0.2139311581850052,0.28945091366767883,0.018002165481448174,0.17323867976665497,0.3213505744934082,0.3215044438838959,0.18706779181957245,0.15659381449222565,0.2410455346107483,0.27000004053115845,0.03462531417608261,0.2844182848930359,0.20452862977981567,0.20531024038791656,0.3046153783798218,0.23936177790164948,0.09923171252012253,0.28760626912117004,0.2633335292339325,0.2536601722240448,0.029331132769584656,0.23293358087539673,0.26308003067970276,0.2595382034778595,0.194601371884346,0.24562866985797882,0.12218374758958817,0.20982776582241058,0.07068604975938797,0.012984679080545902,0.17550182342529297,0.2657386064529419,0.20120862126350403,0.13486984372138977,0.15539886057376862,0.29798969626426697,0.09971778839826584,0.22213011980056763,0.23118537664413452,0.27152788639068604,0.26037389039993286,0.03253617137670517,0.024208683520555496,0.1877884566783905,0.18432831764221191,0.3344114124774933,0.3322508633136749,0.2470405399799347,0.19410210847854614,0.0
28,comedy,Julia Gets Wise with Jane Fonda ｜ Wiser Than Me with Julia Louis-Dreyfus.mp3,1866.6080322265625,2106.143310546875,732.34521484375,340.7980651855469,1186.0689697265625,556.5107421875,2934.0224609375,2017.4478759765625,2650.622802734375,1251.7327880859375,664.9125366210938,326.1668701171875,415.7230529785156,1722.7193603515625,631.2767944335938,1073.175048828125,358.30609130859375,2048.086669921875,792.0415649414062,569.9656982421875,395.0826416015625,2053.896240234375,359.3694763183594,683.7726440429688,2544.829345703125,779.1599731445312,1376.24658203125,768.735107421875,772.0401611328125,1381.0850830078125,726.88623046875,882.9244995117188,2263.215087890625,410.69281005859375,2294.11083984375,1457.3363037109375,2440.735595703125,0.0,270.2923583984375,1516.434326171875,330.2275390625,1271.6153564453125,250.3896484375,362.606689453125,436.61785888671875,1531.412353515625,1993.5662841796875,1068.220458984375,746.4452514648438,720.0362548828125,0.0,3.7401807873038706e-08,0.08974280953407288,0.23138625919818878,0.4412700831890106,0.3848663568496704,0.02436576411128044,0.32358571887016296,0.007460366003215313,0.09207993000745773,0.41538792848587036,0.266851007938385,0.27995628118515015,0.31524500250816345,0.30471697449684143,0.04510553553700447,0.3607175350189209,0.40670245885849,0.18708060681819916,0.24068552255630493,0.3520837128162384,0.28129813075065613,0.4555925130844116,0.34997114539146423,0.4486621022224426,0.4582786560058594,0.4139077663421631,0.41393908858299255,0.038182273507118225,0.34957095980644226,0.4131292700767517,0.2573857009410858,0.32326990365982056,0.13161611557006836,0.1498769074678421,0.38159704208374023,0.057598795741796494,0.34502628445625305,0.0,0.3233186900615692,0.4564848244190216,0.3846900761127472,0.441448450088501,0.3509339988231659,0.4018648564815521,0.3222697675228119,0.32737472653388977,0.30948176980018616,0.3447999656200409,0.4385157525539398,0.3709321618080139,0.0
29,comedy,THE LIFE OF A PORN STAR (ft. Lana Rhoades).mp3,195.27476501464844,528.16259765625,1010.8897705078125,279.44720458984375,1419.2860107421875,796.5238647460938,1710.696533203125,1241.4561767578125,1401.151611328125,1566.6015625,467.7274169921875,2309.90966796875,1017.0228271484375,2211.507080078125,1142.1051025390625,1164.6859130859375,860.601806640625,1593.578125,1547.9383544921875,911.5553588867188,1566.00537109375,1390.5836181640625,2326.1171875,1715.1800537109375,366.7456970214844,407.8664855957031,2099.051513671875,2171.6494140625,860.5384521484375,1701.47802734375,2651.918212890625,1547.5234375,2304.40234375,1109.9381103515625,2246.29638671875,1435.1251220703125,1662.3719482421875,689.181640625,1489.3350830078125,532.7430419921875,837.0294799804688,598.1912841796875,2835.55029296875,665.9780883789062,1063.710205078125,1433.6123046875,788.4599609375,1953.527587890625,996.6054077148438,898.03466796875,0.0,0.02790217474102974,0.15835535526275635,0.40342843532562256,0.1146019920706749,0.17637115716934204,0.17589372396469116,0.42433494329452515,0.14906030893325806,0.13729289174079895,0.33620038628578186,0.28991350531578064,0.2472395896911621,0.2693536579608917,0.20778028666973114,0.19754326343536377,0.21872183680534363,0.19525644183158875,0.39491236209869385,0.25424644351005554,0.24028052389621735,0.4038639962673187,0.3113820552825928,0.19825826585292816,0.19052347540855408,0.3246302604675293,0.176768496632576,0.29056066274642944,0.04748682677745819,0.2437184602022171,0.2770991921424866,0.2755296528339386,0.3388957381248474,0.23982614278793335,0.18358451128005981,0.13020949065685272,0.08531372249126434,0.43846261501312256,0.12432542443275452,0.20233376324176788,0.18236979842185974,0.19323810935020447,0.19277702271938324,0.3181464374065399,0.05002302676439285,0.2280784398317337,0.3186550736427307,0.22187690436840057,0.34876370429992676,0.29062169790267944,0.21334543824195862,0.0
30,sports,Reaction To Shohei Ohtani Gambling Scandal ｜｜ Baseball Is Dead Episode 188.mp3,1992.353759765625,1495.7235107421875,674.925537109375,468.2782287597656,866.3314208984375,964.7645874023438,336.10504150390625,170.9400634765625,0.0,0.0,215.3499755859375,627.18017578125,836.7479858398438,1942.541015625,1247.66259765625,786.738525390625,3089.1181640625,564.196533203125,794.4780883789062,2801.3720703125,2017.8206787109375,2195.832275390625,526.6651611328125,933.4227905273438,659.0110473632812,756.4736938476562,193.88137817382812,509.430908203125,1918.3515625,2066.092041015625,2015.1673583984375,851.5352172851562,672.0591430664062,214.61456298828125,1622.8651123046875,348.563232421875,1782.2750244140625,0.0,1250.747314453125,478.7274475097656,2033.0032958984375,239.07708740234375,283.32769775390625,1409.4254150390625,886.7269287109375,1384.9437255859375,1674.25537109375,1800.4649658203125,2523.21533203125,0.0,0.0,0.39427822828292847,0.33342039585113525,0.2568317651748657,0.23981314897537231,0.2530147135257721,0.31573861837387085,0.3514289855957031,0.43010377883911133,0.0005649999366141856,0.041876938194036484,0.2040625661611557,0.4582814574241638,0.3952764570713043,0.3231074810028076,0.3579421639442444,0.3471348285675049,0.3230806589126587,0.44920381903648376,0.06532980501651764,0.0841696709394455,0.45564836263656616,0.33243945240974426,0.12158820033073425,0.4368491470813751,0.3646089732646942,0.4192989468574524,0.15710821747779846,0.34287819266319275,0.3882766366004944,0.18570250272750854,0.3254091143608093,0.4059447944164276,0.424352765083313,0.23384903371334076,0.33900731801986694,0.2697049081325531,0.13993564248085022,0.0,0.41609472036361694,0.5082852244377136,0.376438707113266,0.2545837163925171,0.09555980563163757,0.3807251453399658,0.23706623911857605,0.4515119791030884,0.31614598631858826,0.17682069540023804,0.2611619234085083,0.001177429803647101,0.0005834157927893102
31,sports,What Makes a Great Basketball Player？ ｜  LeBron James & JJ Redick ｜ Full Episode.mp3,0.0,1280.04638671875,1000.0481567382812,1305.3492431640625,720.0516357421875,3236.843505859375,804.73193359375,647.5792236328125,1888.53125,1961.9605712890625,261.2437438964844,281.8143005371094,818.6044311523438,876.1792602539062,188.77064514160156,671.775390625,2048.272705078125,1825.3812255859375,391.9883728027344,764.25634765625,405.28759765625,310.75030517578125,586.2158813476562,373.83642578125,314.9708557128906,979.6180419921875,474.4707946777344,2127.676513671875,842.3463745117188,1005.1989135742188,1069.9625244140625,251.12112426757812,648.6259765625,1255.0843505859375,363.1588439941406,883.0863647460938,639.4878540039062,2257.14794921875,900.2630615234375,1214.14599609375,261.18011474609375,289.3549499511719,1793.56640625,370.89666748046875,651.3403930664062,2850.215576171875,1887.7191162109375,312.9502258300781,1367.4805908203125,744.8836669921875,0.0,0.32780930399894714,0.19719161093235016,0.31800487637519836,0.060930319130420685,0.17067557573318481,0.1386977583169937,0.3304828703403473,0.2345847189426422,0.020595654845237732,0.30342093110084534,0.016712360084056854,0.02496814727783203,0.48025351762771606,0.2568400204181671,0.05698594078421593,0.3685886561870575,0.08583210408687592,0.24772639572620392,0.3970644474029541,0.5016083717346191,0.45546019077301025,0.4016490578651428,0.013611841015517712,0.020097127184271812,0.5147957801818848,0.017201820388436317,0.48993733525276184,0.19080182909965515,0.34011581540107727,0.30913591384887695,0.3904091715812683,0.022435950115323067,0.34066545963287354,0.019870823249220848,0.14168649911880493,0.37624791264533997,0.015443326905369759,0.2541644275188446,0.46287107467651367,0.03240658715367317,0.01833784393966198,0.013674424029886723,0.03652971610426903,0.10348626971244812,0.2402586042881012,0.28569114208221436,0.015984296798706055,0.3211716115474701,0.4045228064060211,0.22418688237667084,0.0
32,sports,"Former QB Jay Cutler on the Bears, Smokin' Jay, &  Being Friends with Big Cat - Full Interview.mp3",2059.3544921875,253.42137145996094,896.2958984375,2052.59716796875,575.5807495117188,707.0624389648438,331.7121887207031,632.77734375,2182.547607421875,439.25909423828125,1103.2459716796875,1708.7823486328125,652.879638671875,566.83447265625,524.5519409179688,3784.52880859375,1606.118896484375,313.78668212890625,1286.3424072265625,728.599609375,1195.60205078125,948.8350830078125,893.7212524414062,504.824462890625,324.6094055175781,1483.808837890625,1794.95361328125,1144.638671875,966.6199951171875,629.1371459960938,1548.535888671875,524.7473754882812,397.5479736328125,326.5638732910156,1485.71240234375,387.2621154785156,541.6336669921875,582.3641357421875,1241.5211181640625,2374.340087890625,575.7205200195312,323.59600830078125,1213.8154296875,1420.4420166015625,1449.6895751953125,379.473388671875,513.8018798828125,1728.9805908203125,1264.7161865234375,2016.447998046875,0.0,0.021699227392673492,0.30694374442100525,0.22192184627056122,0.12481273710727692,0.32575908303260803,0.4462558329105377,0.18682743608951569,0.4657228887081146,0.19860969483852386,0.24845288693904877,0.24973857402801514,0.3067837655544281,0.3364686667919159,0.4059992730617523,0.37407049536705017,0.21173211932182312,0.3781077563762665,0.18768210709095,0.39472782611846924,0.3377358317375183,0.35452795028686523,0.35963568091392517,0.04370734468102455,0.35443201661109924,0.1949983388185501,0.15042077004909515,0.0561676062643528,0.32054755091667175,0.2675127387046814,0.18999740481376648,0.328561931848526,0.36284393072128296,0.24735482037067413,0.1294354796409607,0.2462184727191925,0.2695951461791992,0.23563732206821442,0.2592872977256775,0.4589712917804718,0.13132722675800323,0.33609893918037415,0.11814308166503906,0.18130838871002197,0.07338955998420715,0.07777316123247147,0.25661471486091614,0.3701763153076172,0.28442007303237915,0.27976876497268677,0.32038789987564087,0.0
33,sports,Katt Williams Unleashed ｜ CLUB SHAY SHAY.mp3,604.3543701171875,1373.621826171875,1052.72314453125,1841.23681640625,1663.1729736328125,316.353759765625,728.29150390625,378.3731689453125,1473.140625,1151.9605712890625,883.1522827148438,1129.5670166015625,474.8251953125,1324.3834228515625,1072.579833984375,1941.8548583984375,736.2078247070312,706.263916015625,2015.665771484375,1493.269775390625,1498.7772216796875,1350.8382568359375,1471.455810546875,973.8436279296875,433.7775573730469,1116.7469482421875,496.8525390625,420.962890625,425.1622009277344,1902.8048095703125,1479.4454345703125,357.5919494628906,707.8555908203125,368.9955139160156,506.2907409667969,1937.099853515625,1267.6201171875,785.6516723632812,756.9011840820312,940.941162109375,428.3889465332031,1899.3590087890625,767.9131469726562,384.9050598144531,743.7919921875,504.7511291503906,382.5027160644531,811.3029174804688,1742.81982421875,519.7552490234375,0.0,0.14399872720241547,0.11230216920375824,0.40362870693206787,0.06465324759483337,0.1903800219297409,0.23449715971946716,0.35566195845603943,0.33841782808303833,0.07241903245449066,0.27727368474006653,0.08952900022268295,0.2699521780014038,0.12288475036621094,0.381213515996933,0.04472170025110245,0.36927297711372375,0.3460318148136139,0.2742646336555481,0.18850722908973694,0.42695534229278564,0.041477903723716736,0.036058973520994186,0.030857207253575325,0.03788425028324127,0.2415812462568283,0.2735104560852051,0.22907225787639618,0.3131755292415619,0.04289466142654419,0.0466102696955204,0.05249369889497757,0.35077568888664246,0.47855570912361145,0.16808271408081055,0.5120794177055359,0.3153463304042816,0.4154894948005676,0.19053134322166443,0.45583251118659973,0.15011072158813477,0.22197677195072174,0.09833977371454239,0.436493843793869,0.17166247963905334,0.48465386033058167,0.2797437012195587,0.4540455937385559,0.3953147232532501,0.4791075587272644,0.49085068702697754,0.0
34,sports,"Kylie Kelce on life as an NFL spouse, Jason’s Tinder Bio, and Setting Up Travis ｜ Ep 52.mp3",1982.1435546875,1168.2279052734375,0.0,1014.2250366210938,489.305908203125,1933.5216064453125,1819.697509765625,190.94366455078125,2137.97509765625,750.79296875,1934.1871337890625,272.8004455566406,1035.620849609375,1964.3387451171875,791.6807861328125,1655.4627685546875,322.3892822265625,2179.604248046875,1849.8902587890625,2503.922607421875,400.9443359375,665.804931640625,1332.441650390625,401.65484619140625,354.9936218261719,1668.8658447265625,1279.711669921875,954.8302612304688,2064.81982421875,398.3247375488281,867.9307861328125,578.51953125,901.3273315429688,1219.5565185546875,685.061279296875,912.8568725585938,331.6832580566406,1152.538330078125,220.4704132080078,748.96044921875,1325.105712890625,817.5739135742188,1455.3975830078125,302.8433837890625,1534.435791015625,231.55599975585938,770.8938598632812,421.8495178222656,1961.55078125,1998.6005859375,1863.816162109375,0.01597895845770836,0.49988624453544617,0.17077568173408508,0.3199436366558075,0.4251289665699005,0.12253857403993607,0.13249559700489044,0.01662570983171463,0.367951363325119,0.35460329055786133,0.013714334927499294,0.30699780583381653,0.3609160780906677,0.12768273055553436,0.37858232855796814,0.37406739592552185,0.2760644853115082,0.4086833596229553,0.08009050786495209,0.29367005825042725,0.3912077844142914,0.31439241766929626,0.07732050865888596,0.2848566770553589,0.22319915890693665,0.319116473197937,0.07115598767995834,0.3689694404602051,0.04329364374279976,0.43424052000045776,0.3084445297718048,0.4026220738887787,0.28987252712249756,0.27295660972595215,0.3787205219268799,0.2548559904098511,0.282385915517807,0.38416147232055664,0.17753200232982635,0.34404605627059937,0.3397124409675598,0.3807370364665985,0.4125578999519348,0.435916543006897,0.062060996890068054,0.07396817207336426,0.25098535418510437,0.41259804368019104,0.3110384941101074,0.08939377218484879,0.08835387229919434
